{
  "version": "Real",
  "capital": 50000.0,
  "embargo_days": 5,
  "cagr": 0.8703811739987106,
  "sharpe": 5.5989221871063855,
  "max_dd": -0.0727522492782291,
  "total_return": 22.412085260377022,
  "annual_vol": 0.15545512956102323,
  "win_rate": 0.6163621922160445,
  "final_nav": 1170604.2630188512
}